Transaction_ID,Date,Customer_ID,Product_ID,Quantity,Unit_Price,Total_Amount,Footfall_Count,Energy_Consumption,Month,Year
1,2025-01-01 00:00:00,1092,508,1,35.98,35.98,256,158.93,1,2025
2,2025-01-01 01:00:00,1096,527,3,85.27,255.82,60,78.54,1,2025
3,2025-01-01 02:00:00,1083,503,1,55.91,55.91,173,104.9,1,2025
4,2025-01-01 03:00:00,1072,549,4,87.68,350.74,50,86.42,1,2025
5,2025-01-01 04:00:00,1033,545,3,79.73,239.18,58,83.46,1,2025
6,2025-01-01 05:00:00,1029,525,1,51.32,51.32,237,177.23,1,2025
7,2025-01-01 06:00:00,1004,545,3,61.74,185.23,107,94.63,1,2025
8,2025-01-01 07:00:00,1087,537,4,10.62,42.48,100,63.17,1,2025
9,2025-01-01 08:00:00,1050,545,2,71.52,143.04,102,127.99,1,2025
10,2025-01-01 09:00:00,1038,545,1,64.69,64.69,268,189.27,1,2025
11,2025-01-01 10:00:00,1086,510,1,29.33,29.33,272,60.5,1,2025
12,2025-01-01 11:00:00,1086,538,1,21.27,21.27,107,28.72,1,2025
13,2025-01-01 12:00:00,1056,524,4,34.88,139.51,168,75.4,1,2025
14,2025-01-01 13:00:00,1076,546,3,13.56,40.68,219,81.61,1,2025
15,2025-01-01 14:00:00,1016,540,1,41.09,41.09,180,108.8,1,2025
16,2025-01-01 15:00:00,1013,531,1,18.92,18.92,192,68.26,1,2025
17,2025-01-01 16:00:00,1064,515,1,52.28,52.28,75,174.09,1,2025
18,2025-01-01 17:00:00,1085,541,1,85.99,85.99,92,197.99,1,2025
19,2025-01-01 18:00:00,1047,504,2,67.5,134.99,81,134.73,1,2025
20,2025-01-01 19:00:00,1097,519,4,27.4,109.62,137,39.6,1,2025
21,2025-01-01 20:00:00,1024,500,1,28.09,28.09,97,154.71,1,2025
22,2025-01-01 21:00:00,1031,517,2,32.18,64.36,205,164.08,1,2025
23,2025-01-01 22:00:00,1086,547,3,73.06,219.17,182,161.73,1,2025
24,2025-01-01 23:00:00,1028,521,2,25.29,50.57,205,143.34,1,2025
25,2025-01-02 00:00:00,1058,544,2,57.08,114.15,217,121.66,1,2025
26,2025-01-02 01:00:00,1099,532,2,10.55,21.11,223,170.89,1,2025
27,2025-01-02 02:00:00,1028,535,1,56.71,56.71,92,177.1,1,2025
28,2025-01-02 03:00:00,1086,508,3,16.96,50.87,105,76.25,1,2025
29,2025-01-02 04:00:00,1057,545,4,41.11,164.46,214,197.1,1,2025
30,2025-01-02 05:00:00,1091,540,1,68.8,68.8,287,176.33,1,2025
31,2025-01-02 06:00:00,1042,540,2,46.44,92.87,135,44.21,1,2025
32,2025-01-02 07:00:00,1094,521,1,62.22,62.22,151,148.49,1,2025
33,2025-01-02 08:00:00,1009,510,3,76.2,228.6,153,188.81,1,2025
34,2025-01-02 09:00:00,1034,501,2,75.22,150.43,235,46.92,1,2025
35,2025-01-02 10:00:00,1026,534,3,32.32,96.96,153,114.03,1,2025
36,2025-01-02 11:00:00,1074,530,4,97.02,388.07,174,121.47,1,2025
37,2025-01-02 12:00:00,1078,529,3,60.36,181.08,121,64.46,1,2025
38,2025-01-02 13:00:00,1069,520,2,50.54,101.08,299,132.33,1,2025
39,2025-01-02 14:00:00,1071,509,4,46.15,184.62,94,166.16,1,2025
40,2025-01-02 15:00:00,1024,506,4,61.33,245.32,229,43.1,1,2025
41,2025-01-02 16:00:00,1056,545,1,25.06,25.06,126,134.51,1,2025
42,2025-01-02 17:00:00,1047,527,1,75.55,75.55,178,30.92,1,2025
43,2025-01-02 18:00:00,1047,531,4,75.31,301.24,243,198.41,1,2025
44,2025-01-02 19:00:00,1063,512,3,31.47,94.42,220,97.13,1,2025
45,2025-01-02 20:00:00,1019,503,1,53.92,53.92,216,51.61,1,2025
46,2025-01-02 21:00:00,1024,518,3,15.72,47.17,54,43.3,1,2025
47,2025-01-02 22:00:00,1042,518,1,34.31,34.31,124,20.7,1,2025
48,2025-01-02 23:00:00,1055,548,4,98.27,393.06,116,109.8,1,2025
49,2025-01-03 00:00:00,1074,514,3,28.17,84.5,237,132.87,1,2025
50,2025-01-03 01:00:00,1057,532,3,50.99,152.98,240,189.33,1,2025
51,2025-01-03 02:00:00,1050,515,3,84.17,252.52,148,55.62,1,2025
52,2025-01-03 03:00:00,1075,509,2,46.69,93.38,203,161.34,1,2025
53,2025-01-03 04:00:00,1033,515,2,39.22,78.44,219,198.73,1,2025
54,2025-01-03 05:00:00,1027,546,2,81.26,162.51,288,105.14,1,2025
55,2025-01-03 06:00:00,1003,543,3,60.51,181.54,79,131.09,1,2025
56,2025-01-03 07:00:00,1045,523,3,16.19,48.57,205,165.46,1,2025
57,2025-01-03 08:00:00,1024,502,1,53.63,53.63,294,87.21,1,2025
58,2025-01-03 09:00:00,1087,545,2,83.18,166.36,239,58.47,1,2025
59,2025-01-03 10:00:00,1034,509,4,41.67,166.69,245,192.49,1,2025
60,2025-01-03 11:00:00,1044,543,1,51.77,51.77,75,157.92,1,2025
61,2025-01-03 12:00:00,1062,531,4,62.49,249.97,295,165.46,1,2025
62,2025-01-03 13:00:00,1069,532,3,87.08,261.25,84,31.32,1,2025
63,2025-01-03 14:00:00,1064,541,1,30.71,30.71,71,100.19,1,2025
64,2025-01-03 15:00:00,1024,523,1,42.96,42.96,288,178.33,1,2025
65,2025-01-03 16:00:00,1031,522,1,30.51,30.51,193,154.05,1,2025
66,2025-01-03 17:00:00,1063,548,1,29.01,29.01,121,89.01,1,2025
67,2025-01-03 18:00:00,1055,535,3,70.49,211.46,146,64.2,1,2025
68,2025-01-03 19:00:00,1091,541,4,55.2,220.81,187,92.65,1,2025
69,2025-01-03 20:00:00,1047,501,1,77.81,77.81,207,82.33,1,2025
70,2025-01-03 21:00:00,1019,526,2,31.89,63.78,56,170.5,1,2025
71,2025-01-03 22:00:00,1022,527,2,47.87,95.73,51,69.25,1,2025
72,2025-01-03 23:00:00,1034,525,3,85.93,257.8,277,174.78,1,2025
73,2025-01-04 00:00:00,1076,515,2,10.2,20.4,203,75.34,1,2025
74,2025-01-04 01:00:00,1067,503,1,17.88,17.88,181,102.12,1,2025
75,2025-01-04 02:00:00,1062,546,1,88.68,88.68,103,132.79,1,2025
76,2025-01-04 03:00:00,1044,519,3,20.88,62.63,67,77.85,1,2025
77,2025-01-04 04:00:00,1092,502,3,15.71,47.14,258,163.36,1,2025
78,2025-01-04 05:00:00,1028,535,1,82.86,82.86,130,85.51,1,2025
79,2025-01-04 06:00:00,1065,510,3,86.63,259.89,215,136.43,1,2025
80,2025-01-04 07:00:00,1091,507,2,21.26,42.52,276,91.22,1,2025
81,2025-01-04 08:00:00,1001,517,3,96.32,288.96,212,129.63,1,2025
82,2025-01-04 09:00:00,1008,517,2,18.82,37.63,192,189.82,1,2025
83,2025-01-04 10:00:00,1034,513,4,85.78,343.12,132,85.47,1,2025
84,2025-01-04 11:00:00,1007,549,1,48.21,48.21,274,152.01,1,2025
85,2025-01-04 12:00:00,1026,507,2,70.09,140.19,74,156.54,1,2025
86,2025-01-04 13:00:00,1086,533,4,54.26,217.04,289,60.94,1,2025
87,2025-01-04 14:00:00,1022,514,4,15.26,61.02,174,127.54,1,2025
88,2025-01-04 15:00:00,1060,514,1,25.94,25.94,89,141.09,1,2025
89,2025-01-04 16:00:00,1083,534,1,75.79,75.79,181,195.11,1,2025
90,2025-01-04 17:00:00,1016,535,1,15.68,15.68,169,111.37,1,2025
91,2025-01-04 18:00:00,1080,501,2,18.01,36.01,181,107.59,1,2025
92,2025-01-04 19:00:00,1032,524,2,41.74,83.48,211,140.96,1,2025
93,2025-01-04 20:00:00,1053,534,1,62.24,62.24,85,181.71,1,2025
94,2025-01-04 21:00:00,1005,542,4,53.3,213.21,138,140.26,1,2025
95,2025-01-04 22:00:00,1003,518,4,59.99,239.96,90,37.06,1,2025
96,2025-01-04 23:00:00,1017,510,3,36.45,109.35,224,66.31,1,2025
97,2025-01-05 00:00:00,1031,527,2,26.92,53.84,126,105.26,1,2025
98,2025-01-05 01:00:00,1052,543,4,10.32,41.27,98,31.77,1,2025
99,2025-01-05 02:00:00,1026,506,3,11.56,34.69,167,121.32,1,2025
100,2025-01-05 03:00:00,1023,541,1,75.37,75.37,198,151.06,1,2025
101,2025-01-05 04:00:00,1063,528,3,38.63,115.88,219,29.89,1,2025
102,2025-01-05 05:00:00,1079,506,1,29.19,29.19,171,102.91,1,2025
103,2025-01-05 06:00:00,1074,505,1,12.29,12.29,178,151.65,1,2025
104,2025-01-05 07:00:00,1075,527,2,35.92,71.84,155,142.25,1,2025
105,2025-01-05 08:00:00,1076,540,1,57.27,57.27,117,180.79,1,2025
106,2025-01-05 09:00:00,1097,514,4,12.13,48.53,142,68.47,1,2025
107,2025-01-05 10:00:00,1000,507,3,12.06,36.17,76,32.91,1,2025
108,2025-01-05 11:00:00,1085,510,4,19.47,77.88,135,175.6,1,2025
109,2025-01-05 12:00:00,1030,528,3,92.25,276.76,238,39.48,1,2025
110,2025-01-05 13:00:00,1069,521,2,77.39,154.79,122,52.19,1,2025
111,2025-01-05 14:00:00,1079,517,2,14.93,29.86,106,113.93,1,2025
112,2025-01-05 15:00:00,1068,545,4,94.65,378.58,85,78.03,1,2025
113,2025-01-05 16:00:00,1061,523,4,29.38,117.52,298,52.41,1,2025
114,2025-01-05 17:00:00,1070,516,1,71.76,71.76,168,23.08,1,2025
115,2025-01-05 18:00:00,1046,544,1,46.84,46.84,269,94.24,1,2025
116,2025-01-05 19:00:00,1074,544,2,95.93,191.87,132,181.55,1,2025
117,2025-01-05 20:00:00,1054,539,2,85.26,170.52,280,71.16,1,2025
118,2025-01-05 21:00:00,1006,517,1,78.08,78.08,114,86.97,1,2025
119,2025-01-05 22:00:00,1029,510,4,33.49,133.96,228,75.74,1,2025
120,2025-01-05 23:00:00,1072,503,1,64.74,64.74,222,100.31,1,2025
121,2025-01-06 00:00:00,1004,505,1,22.13,22.13,261,152.41,1,2025
122,2025-01-06 01:00:00,1070,505,1,65.54,65.54,257,171.53,1,2025
123,2025-01-06 02:00:00,1082,512,4,29.16,116.65,78,92.66,1,2025
124,2025-01-06 03:00:00,1097,528,3,75.02,225.07,271,198.71,1,2025
125,2025-01-06 04:00:00,1045,542,3,27.43,82.3,109,189.12,1,2025
126,2025-01-06 05:00:00,1086,525,1,10.04,10.04,52,168.04,1,2025
127,2025-01-06 06:00:00,1011,521,4,58.16,232.65,292,161.97,1,2025
128,2025-01-06 07:00:00,1003,509,3,26.21,78.62,272,61.27,1,2025
129,2025-01-06 08:00:00,1018,515,3,11.31,33.93,169,144.16,1,2025
130,2025-01-06 09:00:00,1011,542,1,47.26,47.26,260,198.21,1,2025
131,2025-01-06 10:00:00,1023,512,2,15.46,30.92,147,69.71,1,2025
132,2025-01-06 11:00:00,1097,529,3,37.13,111.39,244,98.25,1,2025
133,2025-01-06 12:00:00,1023,522,4,20.31,81.23,118,63.41,1,2025
134,2025-01-06 13:00:00,1074,524,1,87.22,87.22,265,165.82,1,2025
135,2025-01-06 14:00:00,1008,506,3,54.79,164.38,281,84.63,1,2025
136,2025-01-06 15:00:00,1010,526,1,22.31,22.31,273,192.97,1,2025
137,2025-01-06 16:00:00,1000,542,1,94.14,94.14,275,91.81,1,2025
138,2025-01-06 17:00:00,1019,528,4,72.56,290.25,68,36.71,1,2025
139,2025-01-06 18:00:00,1043,517,3,58.91,176.73,150,82.3,1,2025
140,2025-01-06 19:00:00,1096,537,1,99.81,99.81,296,39.64,1,2025
141,2025-01-06 20:00:00,1027,524,4,20.65,82.61,223,41.74,1,2025
142,2025-01-06 21:00:00,1071,503,2,67.22,134.44,114,86.88,1,2025
143,2025-01-06 22:00:00,1091,544,3,10.16,30.49,206,158.46,1,2025
144,2025-01-06 23:00:00,1095,543,1,58.57,58.57,158,123.16,1,2025
145,2025-01-07 00:00:00,1071,508,1,42.1,42.1,243,113.76,1,2025
146,2025-01-07 01:00:00,1075,535,2,95.06,190.13,266,138.16,1,2025
147,2025-01-07 02:00:00,1045,513,3,14.88,44.65,94,172.42,1,2025
148,2025-01-07 03:00:00,1032,517,2,70.28,140.56,212,110.57,1,2025
149,2025-01-07 04:00:00,1089,520,1,72.8,72.8,147,75.77,1,2025
150,2025-01-07 05:00:00,1077,536,2,53.05,106.1,231,59.79,1,2025
151,2025-01-07 06:00:00,1015,537,1,89.37,89.37,216,98.85,1,2025
152,2025-01-07 07:00:00,1079,529,2,37.02,74.03,207,134.98,1,2025
153,2025-01-07 08:00:00,1003,534,2,42.39,84.78,117,172.23,1,2025
154,2025-01-07 09:00:00,1010,505,4,43.88,175.51,96,134.79,1,2025
155,2025-01-07 10:00:00,1055,544,4,92.11,368.44,183,197.95,1,2025
156,2025-01-07 11:00:00,1056,510,2,10.65,21.31,132,80.34,1,2025
157,2025-01-07 12:00:00,1019,504,4,95.43,381.73,66,119.49,1,2025
158,2025-01-07 13:00:00,1042,530,1,79.73,79.73,263,76.69,1,2025
159,2025-01-07 14:00:00,1017,501,3,31.75,95.25,256,170.07,1,2025
160,2025-01-07 15:00:00,1025,503,3,79.0,237.0,141,78.72,1,2025
161,2025-01-07 16:00:00,1057,537,4,84.03,336.12,206,70.79,1,2025
162,2025-01-07 17:00:00,1045,509,2,69.64,139.28,201,180.87,1,2025
163,2025-01-07 18:00:00,1096,514,2,34.33,68.67,153,83.35,1,2025
164,2025-01-07 19:00:00,1017,536,2,79.49,158.97,278,85.51,1,2025
165,2025-01-07 20:00:00,1002,538,2,25.49,50.99,245,85.79,1,2025
166,2025-01-07 21:00:00,1022,542,3,84.9,254.7,172,196.33,1,2025
167,2025-01-07 22:00:00,1028,503,4,72.65,290.6,120,94.02,1,2025
168,2025-01-07 23:00:00,1033,511,4,21.88,87.52,234,180.83,1,2025
169,2025-01-08 00:00:00,1070,515,2,14.64,29.28,223,157.54,1,2025
170,2025-01-08 01:00:00,1001,540,4,19.97,79.86,90,158.57,1,2025
171,2025-01-08 02:00:00,1000,535,1,16.28,16.28,68,135.73,1,2025
172,2025-01-08 03:00:00,1076,540,4,67.2,268.79,154,56.06,1,2025
173,2025-01-08 04:00:00,1038,514,1,51.17,51.17,173,89.49,1,2025
174,2025-01-08 05:00:00,1091,510,3,45.18,135.54,73,50.55,1,2025
175,2025-01-08 06:00:00,1097,503,1,61.68,61.68,65,116.48,1,2025
176,2025-01-08 07:00:00,1058,533,4,62.79,251.16,140,165.57,1,2025
177,2025-01-08 08:00:00,1001,531,1,23.11,23.11,214,163.11,1,2025
178,2025-01-08 09:00:00,1038,530,1,13.32,13.32,58,141.93,1,2025
179,2025-01-08 10:00:00,1003,537,1,29.92,29.92,210,57.35,1,2025
180,2025-01-08 11:00:00,1063,537,1,85.07,85.07,108,104.71,1,2025
181,2025-01-08 12:00:00,1086,526,3,55.21,165.62,104,92.37,1,2025
182,2025-01-08 13:00:00,1009,517,1,22.06,22.06,269,49.13,1,2025
183,2025-01-08 14:00:00,1093,510,3,62.21,186.63,289,86.7,1,2025
184,2025-01-08 15:00:00,1091,535,4,45.32,181.26,172,150.32,1,2025
185,2025-01-08 16:00:00,1014,531,4,47.61,190.43,147,45.69,1,2025
186,2025-01-08 17:00:00,1068,536,1,36.3,36.3,68,144.58,1,2025
187,2025-01-08 18:00:00,1014,513,3,93.07,279.2,138,153.89,1,2025
188,2025-01-08 19:00:00,1052,514,1,15.81,15.81,179,46.81,1,2025
189,2025-01-08 20:00:00,1054,516,3,59.97,179.92,131,43.89,1,2025
190,2025-01-08 21:00:00,1037,547,4,76.97,307.86,199,182.86,1,2025
191,2025-01-08 22:00:00,1037,519,1,35.5,35.5,233,100.03,1,2025
192,2025-01-08 23:00:00,1027,545,2,48.72,97.44,62,141.22,1,2025
193,2025-01-09 00:00:00,1061,515,2,11.26,22.53,189,52.24,1,2025
194,2025-01-09 01:00:00,1071,505,4,65.7,262.78,199,124.4,1,2025
195,2025-01-09 02:00:00,1003,501,4,36.75,146.99,153,118.25,1,2025
196,2025-01-09 03:00:00,1056,531,4,32.75,131.01,211,187.97,1,2025
197,2025-01-09 04:00:00,1081,512,3,68.18,204.54,232,175.26,1,2025
198,2025-01-09 05:00:00,1014,548,2,21.99,43.99,171,139.6,1,2025
199,2025-01-09 06:00:00,1046,537,3,71.24,213.72,70,125.18,1,2025
200,2025-01-09 07:00:00,1067,538,1,23.4,23.4,182,106.63,1,2025
201,2025-01-09 08:00:00,1089,502,3,94.79,284.37,187,49.3,1,2025
202,2025-01-09 09:00:00,1007,530,2,82.65,165.3,186,103.89,1,2025
203,2025-01-09 10:00:00,1073,516,1,13.34,13.34,201,174.04,1,2025
204,2025-01-09 11:00:00,1038,521,4,72.74,290.98,290,72.63,1,2025
205,2025-01-09 12:00:00,1033,546,2,48.7,97.41,165,155.33,1,2025
206,2025-01-09 13:00:00,1052,506,4,34.07,136.29,196,161.86,1,2025
207,2025-01-09 14:00:00,1094,507,2,83.89,167.79,253,161.45,1,2025
208,2025-01-09 15:00:00,1046,506,3,50.1,150.3,125,25.21,1,2025
209,2025-01-09 16:00:00,1036,526,3,38.82,116.45,229,61.79,1,2025
210,2025-01-09 17:00:00,1092,512,2,92.56,185.12,167,28.48,1,2025
211,2025-01-09 18:00:00,1014,514,1,81.91,81.91,127,34.41,1,2025
212,2025-01-09 19:00:00,1077,505,3,92.75,278.24,99,38.54,1,2025
213,2025-01-09 20:00:00,1029,504,4,78.04,312.18,76,163.44,1,2025
214,2025-01-09 21:00:00,1008,547,1,31.3,31.3,285,192.3,1,2025
215,2025-01-09 22:00:00,1013,507,4,99.97,399.9,55,168.37,1,2025
216,2025-01-09 23:00:00,1044,539,3,51.44,154.33,268,92.33,1,2025
217,2025-01-10 00:00:00,1034,503,4,71.57,286.27,218,182.45,1,2025
218,2025-01-10 01:00:00,1035,531,1,33.64,33.64,202,160.32,1,2025
219,2025-01-10 02:00:00,1057,537,1,95.67,95.67,64,121.01,1,2025
220,2025-01-10 03:00:00,1015,533,3,59.13,177.38,246,136.55,1,2025
221,2025-01-10 04:00:00,1068,542,4,13.82,55.29,91,123.04,1,2025
222,2025-01-10 05:00:00,1063,514,3,46.35,139.06,203,75.29,1,2025
223,2025-01-10 06:00:00,1093,533,3,89.53,268.59,125,158.73,1,2025
224,2025-01-10 07:00:00,1047,546,2,49.72,99.45,288,189.91,1,2025
225,2025-01-10 08:00:00,1041,512,2,43.28,86.57,135,56.68,1,2025
226,2025-01-10 09:00:00,1063,526,4,66.81,267.26,53,120.07,1,2025
227,2025-01-10 10:00:00,1026,524,4,61.04,244.17,50,43.6,1,2025
228,2025-01-10 11:00:00,1027,510,1,22.48,22.48,234,140.74,1,2025
229,2025-01-10 12:00:00,1078,520,4,46.74,186.95,242,187.95,1,2025
230,2025-01-10 13:00:00,1024,544,2,33.87,67.73,89,118.38,1,2025
231,2025-01-10 14:00:00,1091,503,2,99.82,199.63,95,62.12,1,2025
232,2025-01-10 15:00:00,1020,530,1,38.98,38.98,282,165.21,1,2025
233,2025-01-10 16:00:00,1053,503,4,18.89,75.56,106,187.92,1,2025
234,2025-01-10 17:00:00,1072,534,2,73.14,146.28,211,52.37,1,2025
235,2025-01-10 18:00:00,1005,537,2,79.56,159.12,289,80.78,1,2025
236,2025-01-10 19:00:00,1020,535,2,33.33,66.67,201,126.58,1,2025
237,2025-01-10 20:00:00,1005,520,1,91.12,91.12,246,90.54,1,2025
238,2025-01-10 21:00:00,1084,543,1,78.77,78.77,138,27.77,1,2025
239,2025-01-10 22:00:00,1074,547,3,87.57,262.72,95,110.58,1,2025
240,2025-01-10 23:00:00,1072,519,3,65.75,197.25,115,82.39,1,2025
241,2025-01-11 00:00:00,1028,519,3,81.09,243.26,158,28.74,1,2025
242,2025-01-11 01:00:00,1044,506,1,43.64,43.64,241,185.69,1,2025
243,2025-01-11 02:00:00,1056,523,4,37.02,148.1,111,56.08,1,2025
244,2025-01-11 03:00:00,1036,538,2,59.32,118.65,90,86.38,1,2025
245,2025-01-11 04:00:00,1026,509,2,97.47,194.93,249,55.02,1,2025
246,2025-01-11 05:00:00,1075,518,2,96.1,192.19,63,167.0,1,2025
247,2025-01-11 06:00:00,1088,522,1,85.8,85.8,111,111.47,1,2025
248,2025-01-11 07:00:00,1014,527,2,14.4,28.79,261,32.11,1,2025
249,2025-01-11 08:00:00,1032,514,2,95.11,190.22,296,51.56,1,2025
250,2025-01-11 09:00:00,1064,525,4,57.07,228.28,285,151.71,1,2025
251,2025-01-11 10:00:00,1043,520,1,73.23,73.23,227,57.31,1,2025
252,2025-01-11 11:00:00,1033,547,4,12.58,50.32,177,133.1,1,2025
253,2025-01-11 12:00:00,1017,507,1,38.18,38.18,57,44.82,1,2025
254,2025-01-11 13:00:00,1023,543,1,66.18,66.18,168,89.59,1,2025
255,2025-01-11 14:00:00,1073,534,3,10.37,31.12,215,166.79,1,2025
256,2025-01-11 15:00:00,1076,503,2,64.59,129.17,83,134.05,1,2025
257,2025-01-11 16:00:00,1061,500,2,56.84,113.69,239,180.83,1,2025
258,2025-01-11 17:00:00,1025,542,1,93.4,93.4,254,69.14,1,2025
259,2025-01-11 18:00:00,1014,500,2,74.91,149.83,248,114.12,1,2025
260,2025-01-11 19:00:00,1086,542,4,62.17,248.69,240,144.6,1,2025
261,2025-01-11 20:00:00,1000,527,2,27.54,55.08,114,95.85,1,2025
262,2025-01-11 21:00:00,1051,535,3,15.83,47.48,141,109.28,1,2025
263,2025-01-11 22:00:00,1077,506,4,29.22,116.88,268,102.33,1,2025
264,2025-01-11 23:00:00,1032,521,2,24.3,48.6,78,56.35,1,2025
265,2025-01-12 00:00:00,1089,517,4,94.5,378.01,284,55.39,1,2025
266,2025-01-12 01:00:00,1070,505,3,13.62,40.87,100,99.85,1,2025
267,2025-01-12 02:00:00,1068,524,1,28.86,28.86,298,199.89,1,2025
268,2025-01-12 03:00:00,1085,513,3,83.44,250.32,119,124.87,1,2025
269,2025-01-12 04:00:00,1056,512,1,62.03,62.03,136,51.77,1,2025
270,2025-01-12 05:00:00,1022,542,4,74.77,299.08,198,102.92,1,2025
271,2025-01-12 06:00:00,1019,514,1,85.27,85.27,72,174.35,1,2025
272,2025-01-12 07:00:00,1035,524,3,12.06,36.19,214,124.08,1,2025
273,2025-01-12 08:00:00,1042,514,2,81.47,162.94,118,113.63,1,2025
274,2025-01-12 09:00:00,1087,529,3,27.53,82.6,226,72.92,1,2025
275,2025-01-12 10:00:00,1006,500,3,81.83,245.48,142,125.27,1,2025
276,2025-01-12 11:00:00,1026,527,1,87.67,87.67,143,35.07,1,2025
277,2025-01-12 12:00:00,1024,521,1,61.93,61.93,143,71.43,1,2025
278,2025-01-12 13:00:00,1086,538,4,92.03,368.13,112,187.32,1,2025
279,2025-01-12 14:00:00,1080,502,3,55.31,165.93,124,105.79,1,2025
280,2025-01-12 15:00:00,1088,529,3,40.33,120.99,195,103.92,1,2025
281,2025-01-12 16:00:00,1000,508,4,68.43,273.72,197,109.6,1,2025
282,2025-01-12 17:00:00,1053,535,3,54.53,163.6,222,55.62,1,2025
283,2025-01-12 18:00:00,1089,525,2,17.23,34.46,131,36.37,1,2025
284,2025-01-12 19:00:00,1016,509,1,91.49,91.49,262,40.5,1,2025
285,2025-01-12 20:00:00,1010,511,1,38.5,38.5,237,82.78,1,2025
286,2025-01-12 21:00:00,1094,547,3,25.89,77.66,124,194.83,1,2025
287,2025-01-12 22:00:00,1024,546,1,89.71,89.71,237,160.46,1,2025
288,2025-01-12 23:00:00,1019,524,1,59.91,59.91,246,29.43,1,2025
289,2025-01-13 00:00:00,1056,519,3,91.51,274.54,206,29.82,1,2025
290,2025-01-13 01:00:00,1000,511,4,65.03,260.13,181,50.2,1,2025
291,2025-01-13 02:00:00,1010,512,4,66.13,264.54,165,136.13,1,2025
292,2025-01-13 03:00:00,1011,542,1,31.14,31.14,72,29.44,1,2025
293,2025-01-13 04:00:00,1056,523,1,55.14,55.14,113,26.4,1,2025
294,2025-01-13 05:00:00,1007,509,1,65.27,65.27,257,167.45,1,2025
295,2025-01-13 06:00:00,1096,510,3,59.62,178.87,187,171.45,1,2025
296,2025-01-13 07:00:00,1065,517,1,28.86,28.86,73,148.47,1,2025
297,2025-01-13 08:00:00,1086,547,2,15.9,31.79,253,167.67,1,2025
298,2025-01-13 09:00:00,1041,511,3,86.22,258.66,189,69.18,1,2025
299,2025-01-13 10:00:00,1006,540,1,28.83,28.83,73,173.73,1,2025
300,2025-01-13 11:00:00,1081,507,1,87.64,87.64,116,169.14,1,2025
301,2025-01-13 12:00:00,1096,513,3,99.43,298.28,90,44.07,1,2025
302,2025-01-13 13:00:00,1062,521,3,23.45,70.35,51,196.08,1,2025
303,2025-01-13 14:00:00,1060,536,1,73.11,73.11,269,192.45,1,2025
304,2025-01-13 15:00:00,1066,516,4,33.72,134.9,138,185.78,1,2025
305,2025-01-13 16:00:00,1008,543,4,79.94,319.75,271,58.58,1,2025
306,2025-01-13 17:00:00,1089,533,1,54.03,54.03,164,179.46,1,2025
307,2025-01-13 18:00:00,1017,541,3,52.74,158.21,151,172.5,1,2025
308,2025-01-13 19:00:00,1042,521,4,87.08,348.31,50,154.97,1,2025
309,2025-01-13 20:00:00,1060,546,4,61.89,247.57,133,97.33,1,2025
310,2025-01-13 21:00:00,1007,524,3,40.73,122.19,207,52.56,1,2025
311,2025-01-13 22:00:00,1060,502,4,30.42,121.66,83,87.98,1,2025
312,2025-01-13 23:00:00,1006,521,2,63.06,126.11,109,102.45,1,2025
313,2025-01-14 00:00:00,1054,545,1,83.9,83.9,110,34.73,1,2025
314,2025-01-14 01:00:00,1044,525,1,69.16,69.16,228,114.26,1,2025
315,2025-01-14 02:00:00,1062,515,3,52.61,157.84,98,90.04,1,2025
316,2025-01-14 03:00:00,1068,509,4,78.5,314.01,238,156.18,1,2025
317,2025-01-14 04:00:00,1021,536,3,40.6,121.8,297,30.23,1,2025
318,2025-01-14 05:00:00,1044,508,2,19.19,38.38,206,49.88,1,2025
319,2025-01-14 06:00:00,1084,546,2,55.36,110.71,245,47.55,1,2025
320,2025-01-14 07:00:00,1094,512,4,59.88,239.5,106,177.29,1,2025
321,2025-01-14 08:00:00,1066,515,1,53.05,53.05,250,48.74,1,2025
322,2025-01-14 09:00:00,1002,505,1,19.56,19.56,176,119.24,1,2025
323,2025-01-14 10:00:00,1042,549,3,95.45,286.36,84,23.27,1,2025
324,2025-01-14 11:00:00,1002,522,3,39.53,118.59,262,59.38,1,2025
325,2025-01-14 12:00:00,1038,506,4,44.52,178.08,189,74.32,1,2025
326,2025-01-14 13:00:00,1063,532,4,36.53,146.11,179,171.73,1,2025
327,2025-01-14 14:00:00,1056,545,1,83.62,83.62,293,155.4,1,2025
328,2025-01-14 15:00:00,1034,526,3,99.53,298.59,121,133.85,1,2025
329,2025-01-14 16:00:00,1037,538,4,88.46,353.85,279,198.61,1,2025
330,2025-01-14 17:00:00,1029,524,2,83.84,167.68,253,100.19,1,2025
331,2025-01-14 18:00:00,1092,509,1,52.05,52.05,212,74.17,1,2025
332,2025-01-14 19:00:00,1040,535,4,36.56,146.25,197,68.32,1,2025
333,2025-01-14 20:00:00,1081,531,4,44.67,178.7,134,101.94,1,2025
334,2025-01-14 21:00:00,1045,512,4,31.0,123.99,210,30.0,1,2025
335,2025-01-14 22:00:00,1011,530,3,88.96,266.88,77,130.56,1,2025
336,2025-01-14 23:00:00,1030,503,2,73.17,146.34,184,174.74,1,2025
337,2025-01-15 00:00:00,1049,547,4,71.2,284.79,101,73.61,1,2025
338,2025-01-15 01:00:00,1007,527,3,78.56,235.69,297,99.54,1,2025
339,2025-01-15 02:00:00,1043,516,4,70.39,281.56,209,86.34,1,2025
340,2025-01-15 03:00:00,1036,505,3,91.44,274.33,157,157.34,1,2025
341,2025-01-15 04:00:00,1039,525,2,40.8,81.6,109,190.89,1,2025
342,2025-01-15 05:00:00,1064,503,1,94.59,94.59,81,89.33,1,2025
343,2025-01-15 06:00:00,1016,511,3,25.1,75.29,245,47.76,1,2025
344,2025-01-15 07:00:00,1036,508,4,78.33,313.32,264,80.73,1,2025
345,2025-01-15 08:00:00,1013,531,4,97.45,389.8,243,46.89,1,2025
346,2025-01-15 09:00:00,1059,530,2,25.19,50.38,75,173.29,1,2025
347,2025-01-15 10:00:00,1097,505,4,50.78,203.12,120,24.09,1,2025
348,2025-01-15 11:00:00,1072,509,4,65.81,263.23,123,163.2,1,2025
349,2025-01-15 12:00:00,1066,546,4,26.48,105.94,142,26.93,1,2025
350,2025-01-15 13:00:00,1022,518,3,61.39,184.16,166,177.46,1,2025
351,2025-01-15 14:00:00,1081,536,2,14.65,29.31,274,82.73,1,2025
352,2025-01-15 15:00:00,1047,525,4,33.58,134.34,232,193.43,1,2025
353,2025-01-15 16:00:00,1024,539,4,72.66,290.66,222,166.77,1,2025
354,2025-01-15 17:00:00,1062,536,3,68.09,204.28,98,153.15,1,2025
355,2025-01-15 18:00:00,1029,539,1,62.6,62.6,81,37.27,1,2025
356,2025-01-15 19:00:00,1072,505,1,29.29,29.29,257,153.13,1,2025
357,2025-01-15 20:00:00,1011,517,1,97.17,97.17,252,138.59,1,2025
358,2025-01-15 21:00:00,1036,523,1,31.17,31.17,133,44.92,1,2025
359,2025-01-15 22:00:00,1015,502,3,17.77,53.32,139,40.31,1,2025
360,2025-01-15 23:00:00,1011,542,3,50.32,150.95,284,192.54,1,2025
361,2025-01-16 00:00:00,1024,514,2,23.6,47.19,196,160.88,1,2025
362,2025-01-16 01:00:00,1053,514,4,82.7,330.8,266,187.62,1,2025
363,2025-01-16 02:00:00,1092,541,1,83.76,83.76,274,148.34,1,2025
364,2025-01-16 03:00:00,1062,517,4,98.34,393.35,258,28.12,1,2025
365,2025-01-16 04:00:00,1087,527,1,30.61,30.61,230,167.18,1,2025
366,2025-01-16 05:00:00,1029,514,3,45.97,137.91,260,89.38,1,2025
367,2025-01-16 06:00:00,1021,515,2,15.78,31.56,127,184.43,1,2025
368,2025-01-16 07:00:00,1070,509,1,96.64,96.64,163,47.73,1,2025
369,2025-01-16 08:00:00,1094,531,3,40.1,120.29,283,104.66,1,2025
370,2025-01-16 09:00:00,1025,508,1,83.59,83.59,253,39.01,1,2025
371,2025-01-16 10:00:00,1021,533,2,43.57,87.14,222,128.21,1,2025
372,2025-01-16 11:00:00,1048,541,2,84.37,168.74,244,171.3,1,2025
373,2025-01-16 12:00:00,1060,538,4,28.17,112.69,121,73.62,1,2025
374,2025-01-16 13:00:00,1051,513,2,24.35,48.71,163,111.5,1,2025
375,2025-01-16 14:00:00,1059,535,3,30.27,90.82,177,110.15,1,2025
376,2025-01-16 15:00:00,1037,506,2,78.3,156.6,280,80.35,1,2025
377,2025-01-16 16:00:00,1084,541,4,55.08,220.31,221,32.4,1,2025
378,2025-01-16 17:00:00,1075,526,3,42.36,127.09,71,178.7,1,2025
379,2025-01-16 18:00:00,1086,516,3,96.13,288.4,148,136.97,1,2025
380,2025-01-16 19:00:00,1098,531,4,34.1,136.39,258,105.93,1,2025
381,2025-01-16 20:00:00,1048,509,4,88.02,352.09,130,136.23,1,2025
382,2025-01-16 21:00:00,1078,524,4,35.49,141.98,51,73.0,1,2025
383,2025-01-16 22:00:00,1002,502,1,81.15,81.15,198,152.82,1,2025
384,2025-01-16 23:00:00,1063,547,4,64.39,257.54,96,187.55,1,2025
385,2025-01-17 00:00:00,1093,532,1,81.5,81.5,138,71.59,1,2025
386,2025-01-17 01:00:00,1027,535,3,15.47,46.4,235,63.69,1,2025
387,2025-01-17 02:00:00,1058,543,2,61.13,122.27,218,171.44,1,2025
388,2025-01-17 03:00:00,1038,547,2,21.22,42.44,112,139.27,1,2025
389,2025-01-17 04:00:00,1041,533,2,70.04,140.09,102,61.41,1,2025
390,2025-01-17 05:00:00,1078,521,1,18.14,18.14,242,130.35,1,2025
391,2025-01-17 06:00:00,1084,502,3,82.77,248.32,244,159.71,1,2025
392,2025-01-17 07:00:00,1046,513,3,32.89,98.66,99,181.28,1,2025
393,2025-01-17 08:00:00,1062,531,1,32.23,32.23,124,184.81,1,2025
394,2025-01-17 09:00:00,1074,547,4,98.7,394.79,187,176.17,1,2025
395,2025-01-17 10:00:00,1063,542,4,72.79,291.17,112,186.58,1,2025
396,2025-01-17 11:00:00,1099,521,3,77.81,233.44,154,97.71,1,2025
397,2025-01-17 12:00:00,1041,506,4,90.45,361.81,84,177.85,1,2025
398,2025-01-17 13:00:00,1042,519,1,52.51,52.51,92,66.33,1,2025
399,2025-01-17 14:00:00,1031,535,1,73.31,73.31,122,112.33,1,2025
400,2025-01-17 15:00:00,1046,541,2,91.69,183.39,279,152.15,1,2025
401,2025-01-17 16:00:00,1040,520,4,99.5,398.02,275,98.65,1,2025
402,2025-01-17 17:00:00,1056,510,1,81.68,81.68,73,172.29,1,2025
403,2025-01-17 18:00:00,1003,535,2,27.79,55.58,295,127.58,1,2025
404,2025-01-17 19:00:00,1077,542,2,62.85,125.69,112,35.86,1,2025
405,2025-01-17 20:00:00,1059,510,3,88.78,266.33,172,125.15,1,2025
406,2025-01-17 21:00:00,1054,538,3,83.59,250.77,168,81.35,1,2025
407,2025-01-17 22:00:00,1031,538,3,99.18,297.55,153,58.56,1,2025
408,2025-01-17 23:00:00,1068,546,1,36.62,36.62,172,135.92,1,2025
409,2025-01-18 00:00:00,1078,523,3,72.25,216.75,136,69.9,1,2025
410,2025-01-18 01:00:00,1093,524,2,67.92,135.83,297,62.29,1,2025
411,2025-01-18 02:00:00,1029,504,2,59.97,119.94,117,69.06,1,2025
412,2025-01-18 03:00:00,1029,512,1,10.13,10.13,225,91.23,1,2025
413,2025-01-18 04:00:00,1066,538,3,44.53,133.59,171,127.28,1,2025
414,2025-01-18 05:00:00,1038,511,2,75.73,151.46,154,62.24,1,2025
415,2025-01-18 06:00:00,1037,531,4,14.24,56.97,102,163.68,1,2025
416,2025-01-18 07:00:00,1095,520,3,52.87,158.6,271,40.98,1,2025
417,2025-01-18 08:00:00,1002,548,3,93.7,281.11,84,122.2,1,2025
418,2025-01-18 09:00:00,1072,524,4,28.61,114.44,250,145.95,1,2025
419,2025-01-18 10:00:00,1046,527,2,88.94,177.88,151,142.54,1,2025
420,2025-01-18 11:00:00,1045,540,1,36.44,36.44,290,30.74,1,2025
421,2025-01-18 12:00:00,1021,541,4,54.51,218.05,199,88.95,1,2025
422,2025-01-18 13:00:00,1083,517,2,94.6,189.2,296,133.42,1,2025
423,2025-01-18 14:00:00,1039,539,4,83.62,334.5,255,111.46,1,2025
424,2025-01-18 15:00:00,1066,501,1,64.89,64.89,95,121.23,1,2025
425,2025-01-18 16:00:00,1037,529,3,88.41,265.24,74,50.19,1,2025
426,2025-01-18 17:00:00,1000,548,4,11.8,47.19,101,40.57,1,2025
427,2025-01-18 18:00:00,1084,524,3,18.81,56.42,235,94.95,1,2025
428,2025-01-18 19:00:00,1068,515,3,52.86,158.59,52,121.91,1,2025
429,2025-01-18 20:00:00,1013,529,1,30.34,30.34,190,20.1,1,2025
430,2025-01-18 21:00:00,1053,549,2,85.97,171.93,213,182.32,1,2025
431,2025-01-18 22:00:00,1027,503,4,33.95,135.81,251,64.63,1,2025
432,2025-01-18 23:00:00,1011,515,4,37.7,150.79,252,170.32,1,2025
433,2025-01-19 00:00:00,1085,508,2,16.61,33.22,253,104.48,1,2025
434,2025-01-19 01:00:00,1043,514,1,29.31,29.31,280,70.39,1,2025
435,2025-01-19 02:00:00,1036,547,3,20.31,60.93,130,151.52,1,2025
436,2025-01-19 03:00:00,1090,504,4,13.14,52.56,177,87.24,1,2025
437,2025-01-19 04:00:00,1078,522,2,24.88,49.76,94,112.5,1,2025
438,2025-01-19 05:00:00,1065,531,4,48.45,193.81,255,61.03,1,2025
439,2025-01-19 06:00:00,1032,509,4,72.32,289.29,175,121.6,1,2025
440,2025-01-19 07:00:00,1095,516,4,27.17,108.68,85,120.16,1,2025
441,2025-01-19 08:00:00,1011,543,2,80.47,160.95,203,131.21,1,2025
442,2025-01-19 09:00:00,1004,527,4,40.06,160.23,126,125.32,1,2025
443,2025-01-19 10:00:00,1088,507,1,84.24,84.24,118,54.85,1,2025
444,2025-01-19 11:00:00,1077,538,2,90.98,181.95,60,150.07,1,2025
445,2025-01-19 12:00:00,1081,519,2,94.58,189.15,179,32.38,1,2025
446,2025-01-19 13:00:00,1007,548,3,80.24,240.72,210,40.9,1,2025
447,2025-01-19 14:00:00,1080,528,1,61.49,61.49,260,119.56,1,2025
448,2025-01-19 15:00:00,1066,533,3,56.44,169.31,175,170.89,1,2025
449,2025-01-19 16:00:00,1040,545,4,41.99,167.97,133,127.66,1,2025
450,2025-01-19 17:00:00,1018,531,2,29.56,59.12,247,52.99,1,2025
451,2025-01-19 18:00:00,1015,519,3,84.51,253.54,65,53.25,1,2025
452,2025-01-19 19:00:00,1061,535,2,26.69,53.38,246,42.85,1,2025
453,2025-01-19 20:00:00,1044,538,4,61.46,245.84,105,80.54,1,2025
454,2025-01-19 21:00:00,1082,537,3,25.75,77.24,121,151.49,1,2025
455,2025-01-19 22:00:00,1030,526,2,20.72,41.44,258,162.62,1,2025
456,2025-01-19 23:00:00,1094,521,1,20.94,20.94,88,28.78,1,2025
457,2025-01-20 00:00:00,1088,539,3,11.12,33.37,90,143.41,1,2025
458,2025-01-20 01:00:00,1052,501,1,40.81,40.81,69,165.68,1,2025
459,2025-01-20 02:00:00,1048,542,2,72.9,145.8,75,156.17,1,2025
460,2025-01-20 03:00:00,1051,519,4,48.07,192.3,248,180.16,1,2025
461,2025-01-20 04:00:00,1064,530,3,10.95,32.86,230,178.18,1,2025
462,2025-01-20 05:00:00,1059,548,4,41.92,167.7,171,27.14,1,2025
463,2025-01-20 06:00:00,1088,549,4,48.43,193.73,61,114.15,1,2025
464,2025-01-20 07:00:00,1024,539,2,79.95,159.89,97,94.47,1,2025
465,2025-01-20 08:00:00,1022,501,4,46.5,186.01,247,65.4,1,2025
466,2025-01-20 09:00:00,1006,520,4,89.8,359.2,253,166.54,1,2025
467,2025-01-20 10:00:00,1017,516,1,54.85,54.85,121,198.23,1,2025
468,2025-01-20 11:00:00,1092,509,3,75.99,227.96,98,162.23,1,2025
469,2025-01-20 12:00:00,1012,532,2,44.19,88.39,287,141.71,1,2025
470,2025-01-20 13:00:00,1015,545,2,10.02,20.05,272,55.38,1,2025
471,2025-01-20 14:00:00,1041,524,2,27.12,54.23,63,69.06,1,2025
472,2025-01-20 15:00:00,1083,507,2,58.52,117.03,81,193.58,1,2025
473,2025-01-20 16:00:00,1068,543,4,72.51,290.06,134,97.14,1,2025
474,2025-01-20 17:00:00,1091,508,4,34.59,138.36,113,74.04,1,2025
475,2025-01-20 18:00:00,1075,504,1,19.95,19.95,249,188.65,1,2025
476,2025-01-20 19:00:00,1057,505,1,91.15,91.15,228,34.4,1,2025
477,2025-01-20 20:00:00,1041,536,4,44.76,179.05,229,168.58,1,2025
478,2025-01-20 21:00:00,1000,513,1,16.47,16.47,191,108.25,1,2025
479,2025-01-20 22:00:00,1045,535,2,31.48,62.95,157,153.73,1,2025
480,2025-01-20 23:00:00,1063,540,1,14.67,14.67,185,168.23,1,2025
481,2025-01-21 00:00:00,1074,535,1,80.82,80.82,165,180.65,1,2025
482,2025-01-21 01:00:00,1079,505,3,38.15,114.44,198,145.87,1,2025
483,2025-01-21 02:00:00,1041,530,3,37.46,112.39,224,173.24,1,2025
484,2025-01-21 03:00:00,1081,501,3,47.73,143.2,78,49.62,1,2025
485,2025-01-21 04:00:00,1065,535,2,49.84,99.67,81,83.37,1,2025
486,2025-01-21 05:00:00,1067,543,1,98.21,98.21,274,128.66,1,2025
487,2025-01-21 06:00:00,1077,535,4,87.26,349.05,138,187.42,1,2025
488,2025-01-21 07:00:00,1073,543,1,49.07,49.07,276,151.36,1,2025
489,2025-01-21 08:00:00,1084,514,3,18.2,54.6,291,141.43,1,2025
490,2025-01-21 09:00:00,1013,547,3,35.97,107.9,239,196.44,1,2025
491,2025-01-21 10:00:00,1079,536,4,11.61,46.46,240,86.56,1,2025
492,2025-01-21 11:00:00,1017,503,3,36.86,110.58,145,61.81,1,2025
493,2025-01-21 12:00:00,1067,539,3,46.12,138.35,114,152.12,1,2025
494,2025-01-21 13:00:00,1083,525,3,70.16,210.49,165,189.54,1,2025
495,2025-01-21 14:00:00,1039,518,1,14.52,14.52,285,145.26,1,2025
496,2025-01-21 15:00:00,1009,510,2,38.04,76.08,224,184.74,1,2025
497,2025-01-21 16:00:00,1078,510,3,17.66,52.99,67,94.27,1,2025
498,2025-01-21 17:00:00,1089,528,1,49.05,49.05,183,28.54,1,2025
499,2025-01-21 18:00:00,1032,513,4,86.86,347.44,52,168.24,1,2025
500,2025-01-21 19:00:00,1068,505,2,94.21,188.43,266,61.57,1,2025
501,2025-01-21 20:00:00,1016,515,2,27.44,54.88,259,45.91,1,2025
502,2025-01-21 21:00:00,1072,518,4,95.51,382.05,186,141.28,1,2025
503,2025-01-21 22:00:00,1050,527,3,65.67,197.02,159,160.67,1,2025
504,2025-01-21 23:00:00,1084,507,2,49.48,98.96,175,90.59,1,2025
505,2025-01-22 00:00:00,1079,528,1,65.42,65.42,117,149.92,1,2025
506,2025-01-22 01:00:00,1064,547,3,67.94,203.82,101,109.1,1,2025
507,2025-01-22 02:00:00,1068,510,3,83.79,251.37,266,159.94,1,2025
508,2025-01-22 03:00:00,1023,518,2,11.03,22.05,287,118.52,1,2025
509,2025-01-22 04:00:00,1066,512,3,90.91,272.73,266,69.59,1,2025
510,2025-01-22 05:00:00,1098,540,2,27.87,55.73,189,121.7,1,2025
511,2025-01-22 06:00:00,1086,539,3,79.39,238.17,148,35.08,1,2025
512,2025-01-22 07:00:00,1006,540,1,53.53,53.53,285,99.75,1,2025
513,2025-01-22 08:00:00,1011,542,2,60.85,121.71,97,31.96,1,2025
514,2025-01-22 09:00:00,1065,514,1,83.08,83.08,288,160.36,1,2025
515,2025-01-22 10:00:00,1079,532,2,17.3,34.59,228,114.65,1,2025
516,2025-01-22 11:00:00,1031,527,1,15.71,15.71,189,39.12,1,2025
517,2025-01-22 12:00:00,1005,537,1,14.14,14.14,292,95.45,1,2025
518,2025-01-22 13:00:00,1067,538,1,75.3,75.3,296,87.47,1,2025
519,2025-01-22 14:00:00,1040,542,2,90.27,180.53,172,186.02,1,2025
520,2025-01-22 15:00:00,1040,508,3,55.61,166.84,268,46.82,1,2025
521,2025-01-22 16:00:00,1098,514,3,86.65,259.96,177,96.4,1,2025
522,2025-01-22 17:00:00,1054,529,3,96.69,290.08,61,170.26,1,2025
523,2025-01-22 18:00:00,1078,524,2,18.58,37.16,252,101.32,1,2025
524,2025-01-22 19:00:00,1054,540,3,72.23,216.69,140,73.48,1,2025
525,2025-01-22 20:00:00,1096,516,3,85.22,255.66,280,120.43,1,2025
526,2025-01-22 21:00:00,1035,546,1,79.65,79.65,283,159.27,1,2025
527,2025-01-22 22:00:00,1054,506,3,86.42,259.26,146,121.17,1,2025
528,2025-01-22 23:00:00,1062,502,3,45.39,136.16,192,114.15,1,2025
529,2025-01-23 00:00:00,1034,516,3,12.36,37.08,87,126.37,1,2025
530,2025-01-23 01:00:00,1060,512,4,51.47,205.89,172,117.79,1,2025
531,2025-01-23 02:00:00,1005,522,3,49.64,148.91,162,45.87,1,2025
532,2025-01-23 03:00:00,1004,534,1,83.0,83.0,54,156.19,1,2025
533,2025-01-23 04:00:00,1040,548,1,86.75,86.75,282,141.75,1,2025
534,2025-01-23 05:00:00,1003,523,4,49.3,197.19,269,75.89,1,2025
535,2025-01-23 06:00:00,1002,541,2,44.35,88.71,98,171.7,1,2025
536,2025-01-23 07:00:00,1093,516,1,35.78,35.78,184,81.96,1,2025
537,2025-01-23 08:00:00,1051,535,2,49.75,99.51,263,22.25,1,2025
538,2025-01-23 09:00:00,1068,508,3,59.13,177.4,237,155.52,1,2025
539,2025-01-23 10:00:00,1056,548,3,67.18,201.55,109,65.56,1,2025
540,2025-01-23 11:00:00,1047,540,1,69.09,69.09,145,89.79,1,2025
541,2025-01-23 12:00:00,1080,506,4,90.76,363.05,184,175.31,1,2025
542,2025-01-23 13:00:00,1066,524,4,25.03,100.12,77,180.39,1,2025
543,2025-01-23 14:00:00,1080,524,1,14.68,14.68,198,176.88,1,2025
544,2025-01-23 15:00:00,1036,543,2,40.55,81.1,231,29.18,1,2025
545,2025-01-23 16:00:00,1097,512,2,75.98,151.96,178,51.83,1,2025
546,2025-01-23 17:00:00,1081,537,1,48.1,48.1,160,40.85,1,2025
547,2025-01-23 18:00:00,1038,509,3,20.37,61.11,298,108.55,1,2025
548,2025-01-23 19:00:00,1035,522,3,55.39,166.16,243,134.61,1,2025
549,2025-01-23 20:00:00,1070,543,4,63.76,255.04,205,28.18,1,2025
550,2025-01-23 21:00:00,1023,547,1,47.84,47.84,52,25.73,1,2025
551,2025-01-23 22:00:00,1060,513,4,91.55,366.2,179,25.1,1,2025
552,2025-01-23 23:00:00,1033,501,1,27.14,27.14,246,176.35,1,2025
553,2025-01-24 00:00:00,1018,531,1,96.84,96.84,83,178.62,1,2025
554,2025-01-24 01:00:00,1019,525,1,19.88,19.88,194,123.82,1,2025
555,2025-01-24 02:00:00,1093,508,4,53.25,213.01,204,155.76,1,2025
556,2025-01-24 03:00:00,1042,520,1,22.65,22.65,82,116.74,1,2025
557,2025-01-24 04:00:00,1088,511,1,65.54,65.54,155,103.52,1,2025
558,2025-01-24 05:00:00,1042,516,3,67.13,201.38,180,97.64,1,2025
559,2025-01-24 06:00:00,1076,531,3,83.78,251.35,54,43.95,1,2025
560,2025-01-24 07:00:00,1073,549,3,93.36,280.07,79,113.04,1,2025
561,2025-01-24 08:00:00,1077,514,4,91.71,366.83,287,64.45,1,2025
562,2025-01-24 09:00:00,1018,538,2,86.56,173.11,228,35.84,1,2025
563,2025-01-24 10:00:00,1087,504,4,57.46,229.86,117,46.33,1,2025
564,2025-01-24 11:00:00,1013,529,3,44.65,133.95,264,103.49,1,2025
565,2025-01-24 12:00:00,1090,504,1,91.43,91.43,138,155.95,1,2025
566,2025-01-24 13:00:00,1067,518,1,12.18,12.18,298,185.67,1,2025
567,2025-01-24 14:00:00,1002,526,4,60.0,240.01,180,126.51,1,2025
568,2025-01-24 15:00:00,1053,520,1,22.46,22.46,284,88.83,1,2025
569,2025-01-24 16:00:00,1064,508,3,42.68,128.05,161,85.36,1,2025
570,2025-01-24 17:00:00,1052,533,3,75.21,225.62,225,194.15,1,2025
571,2025-01-24 18:00:00,1007,526,2,55.91,111.83,55,24.58,1,2025
572,2025-01-24 19:00:00,1001,501,2,49.74,99.47,172,123.19,1,2025
573,2025-01-24 20:00:00,1099,506,4,20.33,81.31,186,90.6,1,2025
574,2025-01-24 21:00:00,1017,507,4,32.24,128.97,290,107.37,1,2025
575,2025-01-24 22:00:00,1081,532,3,32.86,98.57,111,174.07,1,2025
576,2025-01-24 23:00:00,1015,500,2,97.16,194.33,88,146.01,1,2025
577,2025-01-25 00:00:00,1052,513,3,44.33,132.98,262,63.23,1,2025
578,2025-01-25 01:00:00,1071,521,2,39.26,78.52,60,157.85,1,2025
579,2025-01-25 02:00:00,1026,502,3,70.9,212.7,177,168.27,1,2025
580,2025-01-25 03:00:00,1020,525,2,20.08,40.15,134,78.24,1,2025
581,2025-01-25 04:00:00,1062,517,4,26.54,106.16,102,160.44,1,2025
582,2025-01-25 05:00:00,1085,542,4,92.63,370.52,73,161.47,1,2025
583,2025-01-25 06:00:00,1034,509,1,15.62,15.62,73,164.5,1,2025
584,2025-01-25 07:00:00,1058,510,3,80.97,242.91,68,99.01,1,2025
585,2025-01-25 08:00:00,1052,529,3,82.85,248.54,254,151.26,1,2025
586,2025-01-25 09:00:00,1058,500,2,70.62,141.24,197,136.12,1,2025
587,2025-01-25 10:00:00,1056,530,3,89.52,268.56,191,35.98,1,2025
588,2025-01-25 11:00:00,1083,517,2,14.0,28.0,69,165.31,1,2025
589,2025-01-25 12:00:00,1065,523,3,73.24,219.71,294,154.23,1,2025
590,2025-01-25 13:00:00,1034,520,1,88.69,88.69,182,188.96,1,2025
591,2025-01-25 14:00:00,1063,525,3,75.87,227.61,128,44.86,1,2025
592,2025-01-25 15:00:00,1019,529,1,11.94,11.94,163,167.76,1,2025
593,2025-01-25 16:00:00,1093,508,1,76.81,76.81,84,105.58,1,2025
594,2025-01-25 17:00:00,1027,536,4,40.11,160.42,79,110.97,1,2025
595,2025-01-25 18:00:00,1008,512,4,90.91,363.63,68,38.16,1,2025
596,2025-01-25 19:00:00,1010,529,4,95.98,383.92,229,183.96,1,2025
597,2025-01-25 20:00:00,1031,506,4,16.56,66.24,263,71.4,1,2025
598,2025-01-25 21:00:00,1065,533,1,37.53,37.53,264,27.83,1,2025
599,2025-01-25 22:00:00,1080,528,3,82.65,247.96,171,54.96,1,2025
600,2025-01-25 23:00:00,1053,533,1,97.82,97.82,200,131.26,1,2025
601,2025-01-26 00:00:00,1056,527,4,30.51,122.04,133,145.29,1,2025
602,2025-01-26 01:00:00,1079,526,2,96.34,192.69,232,179.24,1,2025
603,2025-01-26 02:00:00,1096,513,3,95.02,285.06,117,190.22,1,2025
604,2025-01-26 03:00:00,1013,518,1,99.22,99.22,87,193.42,1,2025
605,2025-01-26 04:00:00,1074,548,2,57.15,114.3,69,152.51,1,2025
606,2025-01-26 05:00:00,1043,513,4,66.62,266.5,127,154.91,1,2025
607,2025-01-26 06:00:00,1000,504,1,25.19,25.19,252,152.0,1,2025
608,2025-01-26 07:00:00,1056,506,1,36.02,36.02,181,143.36,1,2025
609,2025-01-26 08:00:00,1069,548,1,27.14,27.14,70,186.18,1,2025
610,2025-01-26 09:00:00,1083,524,1,49.12,49.12,134,28.74,1,2025
611,2025-01-26 10:00:00,1021,500,3,78.75,236.25,272,181.82,1,2025
612,2025-01-26 11:00:00,1015,517,2,71.23,142.45,150,75.84,1,2025
613,2025-01-26 12:00:00,1066,505,3,54.76,164.29,275,89.44,1,2025
614,2025-01-26 13:00:00,1043,528,3,97.55,292.64,116,23.09,1,2025
615,2025-01-26 14:00:00,1006,527,4,22.66,90.64,263,159.91,1,2025
616,2025-01-26 15:00:00,1070,512,4,36.28,145.11,124,167.55,1,2025
617,2025-01-26 16:00:00,1012,517,1,67.65,67.65,187,109.39,1,2025
618,2025-01-26 17:00:00,1047,508,1,37.91,37.91,138,89.43,1,2025
619,2025-01-26 18:00:00,1056,528,1,98.15,98.15,286,195.66,1,2025
620,2025-01-26 19:00:00,1066,532,1,94.57,94.57,297,144.2,1,2025
621,2025-01-26 20:00:00,1052,531,1,13.6,13.6,103,76.58,1,2025
622,2025-01-26 21:00:00,1001,511,3,40.76,122.28,293,167.98,1,2025
623,2025-01-26 22:00:00,1017,501,3,71.41,214.24,60,136.26,1,2025
624,2025-01-26 23:00:00,1081,522,2,18.93,37.85,211,124.68,1,2025
625,2025-01-27 00:00:00,1003,517,4,15.47,61.86,166,67.58,1,2025
626,2025-01-27 01:00:00,1074,537,3,67.74,203.22,54,193.65,1,2025
627,2025-01-27 02:00:00,1022,521,3,68.71,206.13,192,152.77,1,2025
628,2025-01-27 03:00:00,1024,533,2,11.1,22.21,175,76.9,1,2025
629,2025-01-27 04:00:00,1001,522,2,47.03,94.05,251,53.86,1,2025
630,2025-01-27 05:00:00,1017,516,3,74.92,224.75,279,165.3,1,2025
631,2025-01-27 06:00:00,1045,543,2,28.0,55.99,164,109.33,1,2025
632,2025-01-27 07:00:00,1055,532,1,68.42,68.42,79,75.26,1,2025
633,2025-01-27 08:00:00,1056,503,3,34.56,103.67,248,52.36,1,2025
634,2025-01-27 09:00:00,1029,511,1,94.99,94.99,244,180.24,1,2025
635,2025-01-27 10:00:00,1003,540,4,53.7,214.8,175,37.17,1,2025
636,2025-01-27 11:00:00,1032,527,2,78.45,156.9,131,57.79,1,2025
637,2025-01-27 12:00:00,1010,518,1,89.45,89.45,265,181.98,1,2025
638,2025-01-27 13:00:00,1021,501,3,72.88,218.65,100,25.05,1,2025
639,2025-01-27 14:00:00,1045,526,4,15.04,60.16,95,25.55,1,2025
640,2025-01-27 15:00:00,1044,536,4,65.7,262.81,265,164.63,1,2025
641,2025-01-27 16:00:00,1080,524,1,77.19,77.19,209,69.0,1,2025
642,2025-01-27 17:00:00,1070,527,2,25.74,51.48,108,58.81,1,2025
643,2025-01-27 18:00:00,1064,519,3,86.88,260.65,198,54.31,1,2025
644,2025-01-27 19:00:00,1021,512,1,77.47,77.47,75,175.3,1,2025
645,2025-01-27 20:00:00,1075,521,4,89.27,357.07,236,24.87,1,2025
646,2025-01-27 21:00:00,1031,507,3,56.71,170.13,287,60.96,1,2025
647,2025-01-27 22:00:00,1088,533,4,56.04,224.16,242,43.59,1,2025
648,2025-01-27 23:00:00,1009,542,4,73.9,295.59,231,163.88,1,2025
649,2025-01-28 00:00:00,1025,539,1,65.58,65.58,83,159.35,1,2025
650,2025-01-28 01:00:00,1038,519,1,20.76,20.76,276,175.08,1,2025
651,2025-01-28 02:00:00,1024,542,2,42.31,84.62,239,50.66,1,2025
652,2025-01-28 03:00:00,1011,518,2,87.66,175.32,295,107.2,1,2025
653,2025-01-28 04:00:00,1083,532,2,70.82,141.63,142,138.39,1,2025
654,2025-01-28 05:00:00,1050,522,3,17.74,53.21,293,165.9,1,2025
655,2025-01-28 06:00:00,1054,519,3,60.66,181.98,170,180.97,1,2025
656,2025-01-28 07:00:00,1040,531,2,19.24,38.48,238,132.81,1,2025
657,2025-01-28 08:00:00,1018,533,3,62.91,188.72,234,30.08,1,2025
658,2025-01-28 09:00:00,1017,546,2,64.72,129.43,100,139.25,1,2025
659,2025-01-28 10:00:00,1009,547,2,10.89,21.77,190,65.35,1,2025
660,2025-01-28 11:00:00,1093,529,3,78.51,235.54,173,56.85,1,2025
661,2025-01-28 12:00:00,1022,519,3,23.16,69.49,82,31.15,1,2025
662,2025-01-28 13:00:00,1016,505,1,96.61,96.61,192,189.35,1,2025
663,2025-01-28 14:00:00,1008,508,4,81.34,325.37,298,88.3,1,2025
664,2025-01-28 15:00:00,1062,510,2,24.11,48.23,186,21.37,1,2025
665,2025-01-28 16:00:00,1051,522,4,17.1,68.41,90,187.13,1,2025
666,2025-01-28 17:00:00,1002,507,3,25.22,75.65,92,66.1,1,2025
667,2025-01-28 18:00:00,1051,537,3,24.76,74.27,99,126.15,1,2025
668,2025-01-28 19:00:00,1082,517,4,10.2,40.81,57,93.82,1,2025
669,2025-01-28 20:00:00,1000,514,4,79.56,318.22,144,184.01,1,2025
670,2025-01-28 21:00:00,1072,536,1,33.3,33.3,90,194.82,1,2025
671,2025-01-28 22:00:00,1080,541,2,95.97,191.95,187,100.12,1,2025
672,2025-01-28 23:00:00,1005,548,1,62.62,62.62,166,163.4,1,2025
673,2025-01-29 00:00:00,1038,504,4,44.0,176.01,203,192.58,1,2025
674,2025-01-29 01:00:00,1013,514,1,10.61,10.61,102,45.81,1,2025
675,2025-01-29 02:00:00,1026,520,4,98.75,395.01,220,196.41,1,2025
676,2025-01-29 03:00:00,1007,510,1,37.92,37.92,195,45.03,1,2025
677,2025-01-29 04:00:00,1005,513,4,66.74,266.96,121,167.87,1,2025
678,2025-01-29 05:00:00,1049,520,2,77.54,155.08,235,101.9,1,2025
679,2025-01-29 06:00:00,1067,513,2,72.9,145.8,155,89.16,1,2025
680,2025-01-29 07:00:00,1082,510,2,48.1,96.19,55,68.33,1,2025
681,2025-01-29 08:00:00,1097,543,2,99.49,198.98,270,110.39,1,2025
682,2025-01-29 09:00:00,1091,518,1,38.96,38.96,62,179.96,1,2025
683,2025-01-29 10:00:00,1022,531,4,87.39,349.58,218,173.18,1,2025
684,2025-01-29 11:00:00,1065,500,4,40.13,160.51,73,30.41,1,2025
685,2025-01-29 12:00:00,1099,508,4,57.38,229.51,274,163.32,1,2025
686,2025-01-29 13:00:00,1040,512,1,26.36,26.36,213,110.26,1,2025
687,2025-01-29 14:00:00,1075,512,2,48.98,97.96,135,144.35,1,2025
688,2025-01-29 15:00:00,1014,532,1,10.1,10.1,75,120.33,1,2025
689,2025-01-29 16:00:00,1051,505,3,44.87,134.61,126,128.07,1,2025
690,2025-01-29 17:00:00,1055,520,4,44.71,178.84,193,78.08,1,2025
691,2025-01-29 18:00:00,1078,547,2,25.21,50.43,253,93.72,1,2025
692,2025-01-29 19:00:00,1006,518,4,49.85,199.38,236,176.21,1,2025
693,2025-01-29 20:00:00,1096,503,1,38.17,38.17,115,96.7,1,2025
694,2025-01-29 21:00:00,1066,526,3,50.14,150.43,249,102.91,1,2025
695,2025-01-29 22:00:00,1072,518,3,80.29,240.86,296,81.34,1,2025
696,2025-01-29 23:00:00,1018,537,4,27.54,110.18,212,127.13,1,2025
697,2025-01-30 00:00:00,1024,536,2,98.7,197.4,222,119.2,1,2025
698,2025-01-30 01:00:00,1059,527,3,48.79,146.37,85,73.46,1,2025
699,2025-01-30 02:00:00,1027,517,3,18.8,56.39,231,62.91,1,2025
700,2025-01-30 03:00:00,1059,535,1,38.3,38.3,130,88.74,1,2025
701,2025-01-30 04:00:00,1073,532,3,45.63,136.88,119,196.46,1,2025
702,2025-01-30 05:00:00,1073,503,1,22.96,22.96,245,80.0,1,2025
703,2025-01-30 06:00:00,1064,504,3,32.86,98.57,251,176.27,1,2025
704,2025-01-30 07:00:00,1083,509,2,68.58,137.16,141,119.51,1,2025
705,2025-01-30 08:00:00,1012,522,3,73.43,220.28,235,111.69,1,2025
706,2025-01-30 09:00:00,1034,520,1,66.48,66.48,97,186.71,1,2025
707,2025-01-30 10:00:00,1075,503,4,37.4,149.62,260,59.61,1,2025
708,2025-01-30 11:00:00,1023,517,3,24.47,73.41,227,109.58,1,2025
709,2025-01-30 12:00:00,1043,521,2,32.57,65.14,222,184.21,1,2025
710,2025-01-30 13:00:00,1080,546,2,75.55,151.1,295,197.8,1,2025
711,2025-01-30 14:00:00,1007,504,2,20.12,40.25,164,90.64,1,2025
712,2025-01-30 15:00:00,1032,500,1,86.79,86.79,103,149.15,1,2025
713,2025-01-30 16:00:00,1056,521,1,36.15,36.15,296,71.54,1,2025
714,2025-01-30 17:00:00,1038,513,4,51.43,205.72,115,107.2,1,2025
715,2025-01-30 18:00:00,1096,533,4,89.41,357.65,147,90.29,1,2025
716,2025-01-30 19:00:00,1041,548,1,18.26,18.26,91,172.94,1,2025
717,2025-01-30 20:00:00,1077,534,4,95.43,381.72,176,59.63,1,2025
718,2025-01-30 21:00:00,1045,544,1,29.75,29.75,67,55.32,1,2025
719,2025-01-30 22:00:00,1030,525,4,61.58,246.33,85,106.84,1,2025
720,2025-01-30 23:00:00,1092,541,3,45.6,136.79,137,97.61,1,2025
721,2025-01-31 00:00:00,1094,546,4,11.17,44.66,55,107.73,1,2025
722,2025-01-31 01:00:00,1066,505,4,64.04,256.16,261,31.13,1,2025
723,2025-01-31 02:00:00,1031,527,4,67.18,268.71,53,121.55,1,2025
724,2025-01-31 03:00:00,1034,543,1,93.26,93.26,250,155.06,1,2025
725,2025-01-31 04:00:00,1079,501,1,32.43,32.43,147,115.04,1,2025
726,2025-01-31 05:00:00,1057,531,4,18.03,72.11,186,109.18,1,2025
727,2025-01-31 06:00:00,1078,513,2,96.57,193.14,161,61.36,1,2025
728,2025-01-31 07:00:00,1049,503,2,68.84,137.68,151,105.85,1,2025
729,2025-01-31 08:00:00,1044,515,1,22.73,22.73,72,59.15,1,2025
730,2025-01-31 09:00:00,1009,546,2,45.65,91.31,235,130.06,1,2025
731,2025-01-31 10:00:00,1061,536,1,81.41,81.41,237,107.41,1,2025
732,2025-01-31 11:00:00,1023,539,1,38.39,38.39,206,61.08,1,2025
733,2025-01-31 12:00:00,1067,501,3,93.06,279.19,74,111.01,1,2025
734,2025-01-31 13:00:00,1054,530,3,34.41,103.22,280,163.52,1,2025
735,2025-01-31 14:00:00,1015,531,4,94.9,379.61,72,124.25,1,2025
736,2025-01-31 15:00:00,1031,538,1,94.25,94.25,287,79.06,1,2025
737,2025-01-31 16:00:00,1018,514,3,40.5,121.51,152,31.64,1,2025
738,2025-01-31 17:00:00,1005,548,2,48.29,96.58,194,77.67,1,2025
739,2025-01-31 18:00:00,1056,527,2,86.53,173.05,58,158.6,1,2025
740,2025-01-31 19:00:00,1096,504,1,23.03,23.03,88,53.03,1,2025
741,2025-01-31 20:00:00,1039,512,3,80.06,240.18,92,167.23,1,2025
742,2025-01-31 21:00:00,1053,545,2,75.85,151.71,210,168.62,1,2025
743,2025-01-31 22:00:00,1072,523,4,91.91,367.63,164,92.94,1,2025
744,2025-01-31 23:00:00,1019,526,4,86.67,346.67,260,191.67,1,2025
745,2025-02-01 00:00:00,1023,548,3,28.47,85.4,288,84.67,2,2025
746,2025-02-01 01:00:00,1075,515,4,25.89,103.56,111,32.2,2,2025
747,2025-02-01 02:00:00,1024,521,4,76.3,305.2,59,163.54,2,2025
748,2025-02-01 03:00:00,1084,517,2,30.52,61.04,202,100.1,2,2025
749,2025-02-01 04:00:00,1011,512,2,74.55,149.1,130,49.09,2,2025
750,2025-02-01 05:00:00,1077,538,2,63.02,126.05,139,30.69,2,2025
751,2025-02-01 06:00:00,1039,525,4,35.8,143.19,224,120.09,2,2025
752,2025-02-01 07:00:00,1090,537,4,74.37,297.47,224,96.04,2,2025
753,2025-02-01 08:00:00,1032,522,3,89.15,267.46,76,43.94,2,2025
754,2025-02-01 09:00:00,1051,513,1,48.1,48.1,288,184.54,2,2025
755,2025-02-01 10:00:00,1027,548,1,68.15,68.15,189,74.35,2,2025
756,2025-02-01 11:00:00,1049,510,3,21.14,63.41,158,119.32,2,2025
757,2025-02-01 12:00:00,1070,502,3,38.87,116.6,210,139.18,2,2025
758,2025-02-01 13:00:00,1064,500,4,66.44,265.76,54,172.64,2,2025
759,2025-02-01 14:00:00,1082,512,1,18.82,18.82,167,152.69,2,2025
760,2025-02-01 15:00:00,1089,509,2,17.7,35.39,227,157.65,2,2025
761,2025-02-01 16:00:00,1068,515,4,91.49,365.97,160,76.46,2,2025
762,2025-02-01 17:00:00,1086,542,2,58.57,117.15,154,120.76,2,2025
763,2025-02-01 18:00:00,1076,542,4,57.92,231.68,174,152.51,2,2025
764,2025-02-01 19:00:00,1095,512,4,30.26,121.05,61,34.14,2,2025
765,2025-02-01 20:00:00,1067,530,1,58.51,58.51,173,23.95,2,2025
766,2025-02-01 21:00:00,1003,533,2,23.14,46.29,230,69.94,2,2025
767,2025-02-01 22:00:00,1017,520,3,54.72,164.16,86,51.17,2,2025
768,2025-02-01 23:00:00,1092,522,4,90.41,361.64,286,167.27,2,2025
769,2025-02-02 00:00:00,1095,507,3,76.18,228.53,247,182.46,2,2025
770,2025-02-02 01:00:00,1043,537,3,34.87,104.6,82,150.95,2,2025
771,2025-02-02 02:00:00,1049,503,4,26.4,105.59,284,68.93,2,2025
772,2025-02-02 03:00:00,1070,548,1,64.48,64.48,159,92.03,2,2025
773,2025-02-02 04:00:00,1017,530,4,33.5,134.01,87,41.75,2,2025
774,2025-02-02 05:00:00,1039,533,1,72.35,72.35,214,55.63,2,2025
775,2025-02-02 06:00:00,1028,544,2,50.85,101.7,111,67.47,2,2025
776,2025-02-02 07:00:00,1062,536,1,65.56,65.56,54,165.3,2,2025
777,2025-02-02 08:00:00,1043,514,1,59.17,59.17,127,66.6,2,2025
778,2025-02-02 09:00:00,1024,522,4,30.33,121.33,222,66.2,2,2025
779,2025-02-02 10:00:00,1037,509,2,88.93,177.85,240,154.27,2,2025
780,2025-02-02 11:00:00,1009,535,3,20.95,62.84,150,26.81,2,2025
781,2025-02-02 12:00:00,1045,537,1,24.85,24.85,260,148.78,2,2025
782,2025-02-02 13:00:00,1013,517,3,93.52,280.57,201,136.97,2,2025
783,2025-02-02 14:00:00,1041,514,1,85.18,85.18,209,133.04,2,2025
784,2025-02-02 15:00:00,1097,543,3,15.3,45.91,112,75.53,2,2025
785,2025-02-02 16:00:00,1009,549,2,98.42,196.83,254,133.21,2,2025
786,2025-02-02 17:00:00,1017,536,1,82.17,82.17,59,183.45,2,2025
787,2025-02-02 18:00:00,1086,532,1,65.22,65.22,52,64.12,2,2025
788,2025-02-02 19:00:00,1045,542,1,69.1,69.1,61,193.0,2,2025
789,2025-02-02 20:00:00,1033,533,2,71.05,142.1,64,66.91,2,2025
790,2025-02-02 21:00:00,1019,538,1,53.44,53.44,264,58.53,2,2025
791,2025-02-02 22:00:00,1037,520,1,67.91,67.91,189,45.5,2,2025
792,2025-02-02 23:00:00,1048,522,2,54.97,109.93,286,82.79,2,2025
793,2025-02-03 00:00:00,1053,544,1,83.91,83.91,208,99.2,2,2025
794,2025-02-03 01:00:00,1088,532,2,90.17,180.34,106,113.96,2,2025
795,2025-02-03 02:00:00,1035,516,1,15.86,15.86,234,90.66,2,2025
796,2025-02-03 03:00:00,1082,535,3,18.79,56.37,152,169.83,2,2025
797,2025-02-03 04:00:00,1098,539,3,90.1,270.29,215,25.81,2,2025
798,2025-02-03 05:00:00,1031,511,4,14.64,58.54,193,132.05,2,2025
799,2025-02-03 06:00:00,1061,544,3,13.19,39.56,169,175.27,2,2025
800,2025-02-03 07:00:00,1093,527,4,48.31,193.22,155,169.78,2,2025
801,2025-02-03 08:00:00,1073,539,1,15.03,15.03,55,114.43,2,2025
802,2025-02-03 09:00:00,1011,539,3,36.46,109.37,255,127.29,2,2025
803,2025-02-03 10:00:00,1069,522,1,58.28,58.28,247,66.71,2,2025
804,2025-02-03 11:00:00,1075,511,4,96.98,387.94,136,37.96,2,2025
805,2025-02-03 12:00:00,1005,545,1,18.6,18.6,273,177.75,2,2025
806,2025-02-03 13:00:00,1062,530,3,89.82,269.46,114,36.75,2,2025
807,2025-02-03 14:00:00,1023,538,3,14.38,43.14,164,107.17,2,2025
808,2025-02-03 15:00:00,1072,534,4,27.11,108.43,128,80.74,2,2025
809,2025-02-03 16:00:00,1067,508,4,64.94,259.77,188,67.79,2,2025
810,2025-02-03 17:00:00,1047,510,3,44.93,134.8,122,155.2,2,2025
811,2025-02-03 18:00:00,1059,516,1,46.3,46.3,90,27.68,2,2025
812,2025-02-03 19:00:00,1040,533,2,63.68,127.36,90,120.25,2,2025
813,2025-02-03 20:00:00,1081,521,1,16.25,16.25,53,61.76,2,2025
814,2025-02-03 21:00:00,1078,533,2,95.91,191.82,97,98.1,2,2025
815,2025-02-03 22:00:00,1076,532,4,18.46,73.83,163,73.49,2,2025
816,2025-02-03 23:00:00,1094,546,2,13.01,26.01,145,158.98,2,2025
817,2025-02-04 00:00:00,1029,504,3,66.31,198.94,182,166.96,2,2025
818,2025-02-04 01:00:00,1052,538,1,64.49,64.49,259,55.84,2,2025
819,2025-02-04 02:00:00,1042,532,4,64.61,258.43,297,104.41,2,2025
820,2025-02-04 03:00:00,1082,538,1,80.23,80.23,168,24.77,2,2025
821,2025-02-04 04:00:00,1074,534,4,14.18,56.73,214,88.54,2,2025
822,2025-02-04 05:00:00,1095,503,2,91.42,182.84,186,79.51,2,2025
823,2025-02-04 06:00:00,1013,540,2,85.39,170.77,253,150.07,2,2025
824,2025-02-04 07:00:00,1087,522,1,44.4,44.4,61,84.78,2,2025
825,2025-02-04 08:00:00,1089,533,2,94.77,189.54,113,147.56,2,2025
826,2025-02-04 09:00:00,1074,538,2,47.68,95.36,200,81.39,2,2025
827,2025-02-04 10:00:00,1092,546,3,54.73,164.18,94,178.38,2,2025
828,2025-02-04 11:00:00,1071,519,2,16.45,32.9,237,47.05,2,2025
829,2025-02-04 12:00:00,1011,523,3,67.04,201.11,273,142.54,2,2025
830,2025-02-04 13:00:00,1070,515,3,96.64,289.92,161,130.67,2,2025
831,2025-02-04 14:00:00,1022,524,4,31.61,126.42,64,176.49,2,2025
832,2025-02-04 15:00:00,1038,547,1,27.03,27.03,54,83.22,2,2025
833,2025-02-04 16:00:00,1043,511,3,43.94,131.83,261,125.88,2,2025
834,2025-02-04 17:00:00,1037,536,3,78.38,235.14,210,185.64,2,2025
835,2025-02-04 18:00:00,1014,526,4,33.47,133.89,179,192.4,2,2025
836,2025-02-04 19:00:00,1004,519,4,39.28,157.13,147,75.63,2,2025
837,2025-02-04 20:00:00,1036,508,2,71.11,142.22,51,169.51,2,2025
838,2025-02-04 21:00:00,1008,544,3,77.41,232.24,81,43.91,2,2025
839,2025-02-04 22:00:00,1090,536,2,46.45,92.9,155,139.41,2,2025
840,2025-02-04 23:00:00,1082,514,2,30.48,60.96,242,151.51,2,2025
841,2025-02-05 00:00:00,1033,500,3,45.01,135.03,191,121.64,2,2025
842,2025-02-05 01:00:00,1056,513,1,24.65,24.65,227,53.92,2,2025
843,2025-02-05 02:00:00,1003,511,3,89.42,268.27,265,107.18,2,2025
844,2025-02-05 03:00:00,1075,528,4,49.22,196.86,82,58.98,2,2025
845,2025-02-05 04:00:00,1024,531,4,48.49,193.98,162,106.87,2,2025
846,2025-02-05 05:00:00,1092,502,2,51.26,102.52,216,46.49,2,2025
847,2025-02-05 06:00:00,1048,515,3,92.27,276.8,57,109.04,2,2025
848,2025-02-05 07:00:00,1070,531,3,26.78,80.33,161,138.2,2,2025
849,2025-02-05 08:00:00,1067,511,4,14.02,56.09,270,106.16,2,2025
850,2025-02-05 09:00:00,1058,511,1,13.67,13.67,53,140.81,2,2025
851,2025-02-05 10:00:00,1090,541,1,57.6,57.6,194,122.39,2,2025
852,2025-02-05 11:00:00,1083,520,4,59.65,238.62,295,141.33,2,2025
853,2025-02-05 12:00:00,1031,524,3,19.29,57.86,262,147.09,2,2025
854,2025-02-05 13:00:00,1003,547,4,21.27,85.08,164,139.71,2,2025
855,2025-02-05 14:00:00,1059,520,4,16.39,65.56,93,122.51,2,2025
856,2025-02-05 15:00:00,1090,526,1,44.85,44.85,56,70.9,2,2025
857,2025-02-05 16:00:00,1080,527,4,48.35,193.41,94,107.94,2,2025
858,2025-02-05 17:00:00,1081,509,1,43.1,43.1,158,28.97,2,2025
859,2025-02-05 18:00:00,1047,517,2,46.77,93.54,65,163.43,2,2025
860,2025-02-05 19:00:00,1015,505,3,16.29,48.88,97,63.31,2,2025
861,2025-02-05 20:00:00,1083,534,1,97.16,97.16,204,185.75,2,2025
862,2025-02-05 21:00:00,1014,536,4,67.77,271.08,103,86.62,2,2025
863,2025-02-05 22:00:00,1047,533,1,54.76,54.76,146,167.26,2,2025
864,2025-02-05 23:00:00,1030,515,4,43.19,172.77,58,106.34,2,2025
865,2025-02-06 00:00:00,1035,532,4,49.35,197.4,239,141.0,2,2025
866,2025-02-06 01:00:00,1084,527,2,38.57,77.15,61,71.78,2,2025
867,2025-02-06 02:00:00,1040,509,4,88.98,355.91,214,192.91,2,2025
868,2025-02-06 03:00:00,1089,500,4,30.97,123.88,208,107.08,2,2025
869,2025-02-06 04:00:00,1083,533,4,14.39,57.56,140,169.47,2,2025
870,2025-02-06 05:00:00,1090,524,3,30.43,91.28,131,40.98,2,2025
871,2025-02-06 06:00:00,1050,508,2,44.5,88.99,94,135.6,2,2025
872,2025-02-06 07:00:00,1018,527,4,71.93,287.71,193,196.41,2,2025
873,2025-02-06 08:00:00,1096,536,4,21.95,87.8,174,124.8,2,2025
874,2025-02-06 09:00:00,1078,513,3,51.84,155.53,195,162.05,2,2025
875,2025-02-06 10:00:00,1057,504,2,52.66,105.33,278,51.97,2,2025
876,2025-02-06 11:00:00,1078,534,1,86.95,86.95,238,91.9,2,2025
877,2025-02-06 12:00:00,1004,512,1,58.06,58.06,194,143.28,2,2025
878,2025-02-06 13:00:00,1075,548,4,42.97,171.87,147,190.95,2,2025
879,2025-02-06 14:00:00,1058,513,4,69.57,278.26,113,55.97,2,2025
880,2025-02-06 15:00:00,1089,536,4,69.63,278.52,127,21.18,2,2025
881,2025-02-06 16:00:00,1060,501,4,97.17,388.7,180,70.54,2,2025
882,2025-02-06 17:00:00,1002,505,4,94.06,376.26,234,115.84,2,2025
883,2025-02-06 18:00:00,1026,516,4,14.58,58.32,164,121.46,2,2025
884,2025-02-06 19:00:00,1027,527,2,90.73,181.46,92,25.76,2,2025
885,2025-02-06 20:00:00,1070,514,1,60.69,60.69,293,38.57,2,2025
886,2025-02-06 21:00:00,1036,523,1,88.33,88.33,99,34.04,2,2025
887,2025-02-06 22:00:00,1097,537,3,64.77,194.3,166,114.81,2,2025
888,2025-02-06 23:00:00,1099,505,4,10.79,43.17,289,142.72,2,2025
889,2025-02-07 00:00:00,1068,522,2,41.08,82.16,157,141.2,2,2025
890,2025-02-07 01:00:00,1053,535,4,14.52,58.06,230,162.67,2,2025
891,2025-02-07 02:00:00,1098,506,3,91.67,275.0,189,139.84,2,2025
892,2025-02-07 03:00:00,1023,549,4,47.58,190.34,142,186.49,2,2025
893,2025-02-07 04:00:00,1023,527,4,66.88,267.51,252,160.17,2,2025
894,2025-02-07 05:00:00,1076,547,3,78.26,234.78,63,67.46,2,2025
895,2025-02-07 06:00:00,1005,522,3,89.63,268.88,223,145.61,2,2025
896,2025-02-07 07:00:00,1035,520,4,72.75,290.99,283,69.35,2,2025
897,2025-02-07 08:00:00,1038,520,1,91.02,91.02,61,112.36,2,2025
898,2025-02-07 09:00:00,1093,510,3,22.89,68.67,210,27.93,2,2025
899,2025-02-07 10:00:00,1031,543,1,50.89,50.89,299,64.35,2,2025
900,2025-02-07 11:00:00,1054,547,3,87.1,261.3,162,124.93,2,2025
901,2025-02-07 12:00:00,1097,549,2,36.18,72.36,220,80.83,2,2025
902,2025-02-07 13:00:00,1093,530,1,74.16,74.16,63,64.87,2,2025
903,2025-02-07 14:00:00,1052,548,1,54.88,54.88,290,114.6,2,2025
904,2025-02-07 15:00:00,1015,518,4,88.59,354.37,291,28.02,2,2025
905,2025-02-07 16:00:00,1072,540,4,88.29,353.16,166,79.8,2,2025
906,2025-02-07 17:00:00,1024,504,1,97.02,97.02,88,125.62,2,2025
907,2025-02-07 18:00:00,1007,537,1,53.86,53.86,116,166.95,2,2025
908,2025-02-07 19:00:00,1005,510,4,49.98,199.93,190,131.85,2,2025
909,2025-02-07 20:00:00,1020,510,3,12.32,36.96,222,33.55,2,2025
910,2025-02-07 21:00:00,1048,512,3,73.11,219.33,115,135.76,2,2025
911,2025-02-07 22:00:00,1066,506,2,49.33,98.66,280,41.22,2,2025
912,2025-02-07 23:00:00,1016,531,4,56.09,224.36,262,60.93,2,2025
913,2025-02-08 00:00:00,1059,523,3,51.52,154.55,296,52.15,2,2025
914,2025-02-08 01:00:00,1024,517,1,56.04,56.04,69,198.74,2,2025
915,2025-02-08 02:00:00,1018,536,3,36.15,108.45,229,26.23,2,2025
916,2025-02-08 03:00:00,1005,516,4,86.58,346.32,298,63.07,2,2025
917,2025-02-08 04:00:00,1026,541,1,15.88,15.88,294,157.51,2,2025
918,2025-02-08 05:00:00,1027,544,1,17.36,17.36,109,195.58,2,2025
919,2025-02-08 06:00:00,1056,545,1,10.05,10.05,68,60.59,2,2025
920,2025-02-08 07:00:00,1074,500,1,20.23,20.23,158,33.72,2,2025
921,2025-02-08 08:00:00,1081,521,4,42.78,171.13,193,186.37,2,2025
922,2025-02-08 09:00:00,1061,506,3,51.48,154.43,239,67.34,2,2025
923,2025-02-08 10:00:00,1065,506,3,54.73,164.19,283,109.02,2,2025
924,2025-02-08 11:00:00,1056,545,4,51.06,204.24,277,31.3,2,2025
925,2025-02-08 12:00:00,1004,511,3,60.25,180.74,197,61.12,2,2025
926,2025-02-08 13:00:00,1010,519,1,65.45,65.45,166,191.58,2,2025
927,2025-02-08 14:00:00,1041,518,2,60.65,121.3,118,133.69,2,2025
928,2025-02-08 15:00:00,1001,517,3,69.81,209.43,204,51.68,2,2025
929,2025-02-08 16:00:00,1037,528,3,19.23,57.68,130,35.33,2,2025
930,2025-02-08 17:00:00,1036,542,3,31.45,94.36,219,27.87,2,2025
931,2025-02-08 18:00:00,1010,534,4,67.17,268.68,68,144.74,2,2025
932,2025-02-08 19:00:00,1030,503,4,88.81,355.24,236,112.79,2,2025
933,2025-02-08 20:00:00,1000,518,4,84.58,338.3,65,72.06,2,2025
934,2025-02-08 21:00:00,1020,545,3,79.33,238.0,135,193.32,2,2025
935,2025-02-08 22:00:00,1021,532,3,67.87,203.62,182,200.0,2,2025
936,2025-02-08 23:00:00,1079,516,1,38.64,38.64,132,59.2,2,2025
937,2025-02-09 00:00:00,1021,539,4,91.57,366.27,174,133.04,2,2025
938,2025-02-09 01:00:00,1051,504,4,66.78,267.13,274,90.86,2,2025
939,2025-02-09 02:00:00,1042,548,3,53.51,160.53,230,99.13,2,2025
940,2025-02-09 03:00:00,1094,510,4,39.82,159.28,242,49.13,2,2025
941,2025-02-09 04:00:00,1044,514,2,83.01,166.01,219,178.74,2,2025
942,2025-02-09 05:00:00,1099,542,4,71.03,284.12,178,28.52,2,2025
943,2025-02-09 06:00:00,1061,543,1,46.83,46.83,292,56.87,2,2025
944,2025-02-09 07:00:00,1062,529,3,75.7,227.09,192,115.64,2,2025
945,2025-02-09 08:00:00,1007,547,2,86.25,172.5,196,45.54,2,2025
946,2025-02-09 09:00:00,1054,513,2,66.43,132.87,251,173.19,2,2025
947,2025-02-09 10:00:00,1049,548,3,55.89,167.67,194,37.96,2,2025
948,2025-02-09 11:00:00,1034,528,3,62.66,187.99,129,29.0,2,2025
949,2025-02-09 12:00:00,1005,534,2,68.33,136.66,144,73.26,2,2025
950,2025-02-09 13:00:00,1006,527,2,12.34,24.68,271,117.18,2,2025
951,2025-02-09 14:00:00,1020,522,1,43.91,43.91,182,79.07,2,2025
952,2025-02-09 15:00:00,1064,534,2,59.37,118.73,101,190.84,2,2025
953,2025-02-09 16:00:00,1084,549,4,65.24,260.97,206,134.25,2,2025
954,2025-02-09 17:00:00,1030,543,2,95.93,191.86,179,191.16,2,2025
955,2025-02-09 18:00:00,1028,538,3,12.67,38.0,283,114.43,2,2025
956,2025-02-09 19:00:00,1056,509,1,33.79,33.79,141,79.65,2,2025
957,2025-02-09 20:00:00,1001,501,2,95.02,190.05,169,179.6,2,2025
958,2025-02-09 21:00:00,1034,511,2,62.56,125.11,97,131.96,2,2025
959,2025-02-09 22:00:00,1060,507,2,91.83,183.67,234,194.11,2,2025
960,2025-02-09 23:00:00,1066,502,2,76.52,153.04,178,122.3,2,2025
961,2025-02-10 00:00:00,1081,541,3,43.3,129.9,81,125.98,2,2025
962,2025-02-10 01:00:00,1096,546,4,18.7,74.8,88,22.32,2,2025
963,2025-02-10 02:00:00,1014,502,1,13.47,13.47,174,166.78,2,2025
964,2025-02-10 03:00:00,1046,547,3,72.94,218.81,241,73.62,2,2025
965,2025-02-10 04:00:00,1095,500,4,83.75,334.99,160,130.93,2,2025
966,2025-02-10 05:00:00,1016,547,3,51.44,154.32,133,193.61,2,2025
967,2025-02-10 06:00:00,1073,516,1,95.36,95.36,54,24.07,2,2025
968,2025-02-10 07:00:00,1032,534,2,14.09,28.18,252,154.41,2,2025
969,2025-02-10 08:00:00,1047,516,1,93.07,93.07,150,196.4,2,2025
970,2025-02-10 09:00:00,1059,515,4,64.41,257.65,160,169.75,2,2025
971,2025-02-10 10:00:00,1018,524,2,28.69,57.39,129,122.6,2,2025
972,2025-02-10 11:00:00,1026,521,1,93.6,93.6,280,153.47,2,2025
973,2025-02-10 12:00:00,1023,533,1,98.35,98.35,266,59.57,2,2025
974,2025-02-10 13:00:00,1090,505,1,94.22,94.22,114,117.75,2,2025
975,2025-02-10 14:00:00,1098,510,3,99.8,299.41,191,32.21,2,2025
976,2025-02-10 15:00:00,1056,547,3,67.5,202.5,103,56.98,2,2025
977,2025-02-10 16:00:00,1056,520,3,78.7,236.09,159,175.22,2,2025
978,2025-02-10 17:00:00,1035,545,1,31.81,31.81,72,160.47,2,2025
979,2025-02-10 18:00:00,1027,533,2,17.71,35.42,162,58.79,2,2025
980,2025-02-10 19:00:00,1006,516,4,94.8,379.2,274,180.02,2,2025
981,2025-02-10 20:00:00,1073,533,1,28.27,28.27,264,100.16,2,2025
982,2025-02-10 21:00:00,1060,546,4,32.74,130.95,199,150.55,2,2025
983,2025-02-10 22:00:00,1077,502,1,27.8,27.8,251,168.99,2,2025
984,2025-02-10 23:00:00,1038,506,1,85.73,85.73,207,79.95,2,2025
985,2025-02-11 00:00:00,1015,525,1,48.13,48.13,168,91.79,2,2025
986,2025-02-11 01:00:00,1016,511,3,90.87,272.6,161,134.57,2,2025
987,2025-02-11 02:00:00,1070,544,3,93.25,279.75,126,86.52,2,2025
988,2025-02-11 03:00:00,1097,516,3,88.79,266.36,125,101.86,2,2025
989,2025-02-11 04:00:00,1014,534,1,22.31,22.31,104,134.64,2,2025
990,2025-02-11 05:00:00,1035,512,4,19.03,76.11,202,129.18,2,2025
991,2025-02-11 06:00:00,1043,506,4,52.26,209.03,236,112.15,2,2025
992,2025-02-11 07:00:00,1058,515,4,25.54,102.18,104,117.52,2,2025
993,2025-02-11 08:00:00,1027,509,4,18.01,72.04,86,181.04,2,2025
994,2025-02-11 09:00:00,1087,538,4,62.14,248.56,281,36.37,2,2025
995,2025-02-11 10:00:00,1005,541,3,14.93,44.79,168,114.79,2,2025
996,2025-02-11 11:00:00,1027,508,3,28.81,86.42,141,27.26,2,2025
997,2025-02-11 12:00:00,1018,522,2,44.47,88.95,120,189.12,2,2025
998,2025-02-11 13:00:00,1097,545,4,76.75,307.0,86,109.77,2,2025
999,2025-02-11 14:00:00,1096,533,3,10.06,30.17,54,127.35,2,2025
1000,2025-02-11 15:00:00,1040,508,1,58.83,58.83,287,72.17,2,2025
